Yake,TextRank,SingleRank,TopicRank,PositionRank,MultipartiteRank
0.6322222222222222,0.0,0.05,0.46797619047619043,0.06666666666666667,0.3373809523809524
0.6455555555555554,0.0,0.05,0.4875000000000001,0.06666666666666667,0.3576190476190476
0.6382828282828282,0.0,0.05,0.47681623931623934,0.06666666666666667,0.3464468864468865
